{"cameraMode":{"drawMode":0,"name":"Shaded","section":"Shading Mode"},"sceneLighting":true,"audioPlay":false,"sceneViewState":{"showFog":true,"showMaterialUpdate":false,"showSkybox":false,"showFlares":true,"showImageEffects":true,"showParticleSystems":true},"in2DMode":false,"pivot":{"x":275.2017822265625,"y":235.9102325439453,"z":-320.0043029785156},"rotation":{"x":0.03207579255104065,"y":-0.9456896781921387,"z":-0.09821733087301254,"w":-0.3084579110145569},"size":502.4833984375,"orthographic":false}