{"cameraMode":{"drawMode":0,"name":"Shaded","section":"Shading Mode"},"sceneLighting":true,"audioPlay":false,"sceneViewState":{"showFog":true,"showMaterialUpdate":false,"showSkybox":false,"showFlares":true,"showImageEffects":true,"showParticleSystems":true},"in2DMode":false,"pivot":{"x":275.014892578125,"y":-113.50968933105469,"z":-294.8653869628906},"rotation":{"x":-0.09660900384187699,"y":-0.9028432369232178,"z":0.2793128788471222,"w":-0.31260010600090029},"size":517.697021484375,"orthographic":false}