{"cameraMode":{"drawMode":0,"name":"Shaded","section":"Shading Mode"},"sceneLighting":true,"audioPlay":false,"sceneViewState":{"showFog":true,"showMaterialUpdate":false,"showSkybox":false,"showFlares":true,"showImageEffects":true,"showParticleSystems":true},"in2DMode":false,"pivot":{"x":108.40959930419922,"y":92.00287628173828,"z":173.7349395751953},"rotation":{"x":0.04644440859556198,"y":0.24820543825626374,"z":-0.01207617949694395,"w":0.9676745533943176},"size":517.697021484375,"orthographic":false}