{"cameraMode":{"drawMode":0,"name":"Shaded","section":"Shading Mode"},"sceneLighting":true,"audioPlay":false,"sceneViewState":{"showFog":true,"showMaterialUpdate":false,"showSkybox":true,"showFlares":true,"showImageEffects":true,"showParticleSystems":true},"in2DMode":false,"pivot":{"x":284.8873291015625,"y":241.40945434570313,"z":-411.7277526855469},"rotation":{"x":-0.22751069068908692,"y":-0.025683455169200898,"z":0.006942679174244404,"w":-0.9739869236946106},"size":371.3817443847656,"orthographic":false}