{"cameraMode":{"drawMode":0,"name":"Shaded","section":"Shading Mode"},"sceneLighting":true,"audioPlay":false,"sceneViewState":{"showFog":true,"showMaterialUpdate":false,"showSkybox":false,"showFlares":true,"showImageEffects":true,"showParticleSystems":true},"in2DMode":false,"pivot":{"x":157.62071228027345,"y":-18.849239349365236,"z":-407.0693359375},"rotation":{"x":-0.03205917403101921,"y":-0.9669564962387085,"z":0.20005479454994203,"w":-0.15536247193813325},"size":502.4833984375,"orthographic":false}