{"cameraMode":{"drawMode":0,"name":"Shaded","section":"Shading Mode"},"sceneLighting":true,"audioPlay":false,"sceneViewState":{"showFog":true,"showMaterialUpdate":false,"showSkybox":true,"showFlares":true,"showImageEffects":true,"showParticleSystems":true},"in2DMode":false,"pivot":{"x":22.26211166381836,"y":167.60418701171876,"z":704.553955078125},"rotation":{"x":0.03140559047460556,"y":-0.15479791164398194,"z":0.0031389594078063967,"w":0.988098680973053},"size":387.30804443359377,"orthographic":false}