{"cameraMode":{"drawMode":0,"name":"Shaded","section":"Shading Mode"},"sceneLighting":true,"audioPlay":false,"sceneViewState":{"showFog":true,"showMaterialUpdate":false,"showSkybox":true,"showFlares":true,"showImageEffects":true,"showParticleSystems":true},"in2DMode":false,"pivot":{"x":467.9582214355469,"y":273.96588134765627,"z":-155.64401245117188},"rotation":{"x":0.12569032609462739,"y":0.0037994226440787317,"z":-0.0013517587212845684,"w":0.9922834634780884},"size":477.0685729980469,"orthographic":false}