{"cameraMode":{"drawMode":0,"name":"Shaded","section":"Shading Mode"},"sceneLighting":true,"audioPlay":false,"sceneViewState":{"showFog":true,"showMaterialUpdate":false,"showSkybox":false,"showFlares":true,"showImageEffects":true,"showParticleSystems":true},"in2DMode":false,"pivot":{"x":203.67999267578126,"y":157.0500030517578,"z":748.9299926757813},"rotation":{"x":0.20741350948810578,"y":0.6550716757774353,"z":-0.19407562911510468,"w":0.7002275586128235},"size":400.1037292480469,"orthographic":false}