{"cameraMode":{"drawMode":0,"name":"Shaded","section":"Shading Mode"},"sceneLighting":true,"audioPlay":false,"sceneViewState":{"showFog":true,"showMaterialUpdate":false,"showSkybox":true,"showFlares":true,"showImageEffects":true,"showParticleSystems":true},"in2DMode":false,"pivot":{"x":-4.829020977020264,"y":3.832878828048706,"z":-3.1039013862609865},"rotation":{"x":-0.03166007995605469,"y":-0.6903694272041321,"z":0.03026142530143261,"w":-0.7221488356590271},"size":10.0,"orthographic":false}