{"cameraMode":{"drawMode":0,"name":"Shaded","section":"Shading Mode"},"sceneLighting":true,"audioPlay":false,"sceneViewState":{"showFog":true,"showMaterialUpdate":false,"showSkybox":true,"showFlares":true,"showImageEffects":true,"showParticleSystems":true},"in2DMode":false,"pivot":{"x":29.631916046142579,"y":185.1946258544922,"z":79.55113220214844},"rotation":{"x":0.010241774842143059,"y":-0.9667617678642273,"z":0.25358110666275027,"w":0.04086500406265259},"size":82.01439666748047,"orthographic":false}