{"cameraMode":{"drawMode":0,"name":"Shaded","section":"Shading Mode"},"sceneLighting":true,"audioPlay":false,"sceneViewState":{"showFog":true,"showMaterialUpdate":false,"showSkybox":true,"showFlares":true,"showImageEffects":true,"showParticleSystems":true},"in2DMode":false,"pivot":{"x":442.2075500488281,"y":356.3521728515625,"z":-152.98265075683595},"rotation":{"x":0.05594727396965027,"y":-0.35141709446907046,"z":0.021721944212913514,"w":0.9351335763931274},"size":145.16213989257813,"orthographic":false}