{"cameraMode":{"drawMode":0,"name":"Shaded","section":"Shading Mode"},"sceneLighting":true,"audioPlay":false,"sceneViewState":{"showFog":true,"showMaterialUpdate":false,"showSkybox":true,"showFlares":true,"showImageEffects":true,"showParticleSystems":true},"in2DMode":false,"pivot":{"x":317.8636474609375,"y":161.11074829101563,"z":429.1172180175781},"rotation":{"x":-0.030003590509295465,"y":-0.016092542558908464,"z":0.00035216545802541077,"w":-0.99972003698349},"size":1222.5625,"orthographic":false}