{"cameraMode":{"drawMode":0,"name":"Shaded","section":"Shading Mode"},"sceneLighting":true,"audioPlay":false,"sceneViewState":{"showFog":true,"showMaterialUpdate":false,"showSkybox":true,"showFlares":true,"showImageEffects":true,"showParticleSystems":true},"in2DMode":false,"pivot":{"x":22.01382827758789,"y":208.19065856933595,"z":-67.42485046386719},"rotation":{"x":-0.41023001074790957,"y":0.036525335162878039,"z":-0.016326358541846277,"w":-0.9112585783004761},"size":15.010237693786621,"orthographic":false}