{"cameraMode":{"drawMode":0,"name":"Shaded","section":"Shading Mode"},"sceneLighting":true,"audioPlay":false,"sceneViewState":{"showFog":true,"showMaterialUpdate":false,"showSkybox":true,"showFlares":true,"showImageEffects":true,"showParticleSystems":true},"in2DMode":false,"pivot":{"x":299.54718017578127,"y":304.096435546875,"z":191.02987670898438},"rotation":{"x":0.2930406928062439,"y":-0.15627822279930116,"z":0.04947914928197861,"w":0.9427769184112549},"size":145.16213989257813,"orthographic":false}