{"cameraMode":{"drawMode":0,"name":"Shaded","section":"Shading Mode"},"sceneLighting":false,"audioPlay":false,"sceneViewState":{"showFog":true,"showMaterialUpdate":false,"showSkybox":false,"showFlares":true,"showImageEffects":true,"showParticleSystems":true},"in2DMode":false,"pivot":{"x":15.010000228881836,"y":182.33999633789063,"z":37.92900085449219},"rotation":{"x":0.021187158301472665,"y":-0.7662361264228821,"z":0.025293199345469476,"w":0.6417266726493836},"size":8.997389793395996,"orthographic":false}