{"cameraMode":{"drawMode":0,"name":"Shaded","section":"Shading Mode"},"sceneLighting":false,"audioPlay":false,"sceneViewState":{"showFog":true,"showMaterialUpdate":false,"showSkybox":false,"showFlares":true,"showImageEffects":true,"showParticleSystems":true},"in2DMode":false,"pivot":{"x":3.0,"y":203.60000610351563,"z":636.2999877929688},"rotation":{"x":-0.053206272423267367,"y":0.9125623106956482,"z":-0.386539101600647,"w":-0.12862268090248109},"size":10.675613403320313,"orthographic":false}