{"cameraMode":{"drawMode":0,"name":"Shaded","section":"Shading Mode"},"sceneLighting":true,"audioPlay":false,"sceneViewState":{"showFog":true,"showMaterialUpdate":false,"showSkybox":true,"showFlares":true,"showImageEffects":true,"showParticleSystems":true},"in2DMode":false,"pivot":{"x":-42.76173782348633,"y":141.53594970703126,"z":31.05231475830078},"rotation":{"x":0.17073753476142884,"y":-0.33971908688545229,"z":0.06316260993480683,"w":0.923123836517334},"size":106.80408477783203,"orthographic":false}