{"cameraMode":{"drawMode":0,"name":"Shaded","section":"Shading Mode"},"sceneLighting":true,"audioPlay":false,"sceneViewState":{"showFog":true,"showMaterialUpdate":false,"showSkybox":true,"showFlares":true,"showImageEffects":true,"showParticleSystems":true},"in2DMode":false,"pivot":{"x":-3.772286891937256,"y":3.7237043380737306,"z":-1.970876693725586},"rotation":{"x":0.015058081597089768,"y":-0.18050126731395722,"z":0.002761986805126071,"w":0.983498752117157},"size":10.0,"orthographic":false}