{"cameraMode":{"drawMode":0,"name":"Shaded","section":"Shading Mode"},"sceneLighting":true,"audioPlay":false,"sceneViewState":{"showFog":true,"showMaterialUpdate":false,"showSkybox":false,"showFlares":true,"showImageEffects":true,"showParticleSystems":true},"in2DMode":false,"pivot":{"x":-142.52003479003907,"y":27.109619140625,"z":-124.00714874267578},"rotation":{"x":0.13078516721725465,"y":-0.8450734615325928,"z":0.24071933329105378,"w":0.45914021134376528},"size":309.6296691894531,"orthographic":false}