{"cameraMode":{"drawMode":0,"name":"Shaded","section":"Shading Mode"},"sceneLighting":true,"audioPlay":false,"sceneViewState":{"showFog":true,"showMaterialUpdate":false,"showSkybox":false,"showFlares":true,"showImageEffects":true,"showParticleSystems":true},"in2DMode":false,"pivot":{"x":203.4543914794922,"y":164.51651000976563,"z":253.3086395263672},"rotation":{"x":-0.08654946833848953,"y":0.2705872058868408,"z":0.02428749017417431,"w":0.9586471319198608},"size":517.697021484375,"orthographic":false}