{"cameraMode":{"drawMode":0,"name":"Shaded","section":"Shading Mode"},"sceneLighting":false,"audioPlay":false,"sceneViewState":{"showFog":true,"showMaterialUpdate":false,"showSkybox":false,"showFlares":true,"showImageEffects":true,"showParticleSystems":true},"in2DMode":false,"pivot":{"x":-5.760939598083496,"y":-2.0218372344970705,"z":22.203861236572267},"rotation":{"x":-0.08063648641109467,"y":0.12174999713897705,"z":-0.009851240552961827,"w":-0.9894304275512695},"size":38.924381256103519,"orthographic":false}