{"cameraMode":{"drawMode":0,"name":"Shaded","section":"Shading Mode"},"sceneLighting":true,"audioPlay":false,"sceneViewState":{"showFog":true,"showMaterialUpdate":false,"showSkybox":true,"showFlares":true,"showImageEffects":true,"showParticleSystems":true},"in2DMode":false,"pivot":{"x":47.59420394897461,"y":175.96142578125,"z":2.7674169540405275},"rotation":{"x":-0.09060142934322357,"y":0.6247430443763733,"z":-0.07366859167814255,"w":-0.7724651098251343},"size":44.62242889404297,"orthographic":false}