{"cameraMode":{"drawMode":0,"name":"Shaded","section":"Shading Mode"},"sceneLighting":true,"audioPlay":false,"sceneViewState":{"showFog":true,"showMaterialUpdate":false,"showSkybox":true,"showFlares":true,"showImageEffects":true,"showParticleSystems":true},"in2DMode":false,"pivot":{"x":-2.729600191116333,"y":2.0761735439300539,"z":1.2076441049575806},"rotation":{"x":-0.03273173049092293,"y":0.9307714700698853,"z":-0.08565723150968552,"w":-0.35445284843444826},"size":22.0,"orthographic":false}