{"cameraMode":{"drawMode":0,"name":"Shaded","section":"Shading Mode"},"sceneLighting":false,"audioPlay":false,"sceneViewState":{"showFog":true,"showMaterialUpdate":false,"showSkybox":false,"showFlares":true,"showImageEffects":true,"showParticleSystems":true,"showVisualEffectGraphs":true,"m_FxEnabled":true},"in2DMode":false,"pivot":{"x":37.8564338684082,"y":168.9677276611328,"z":675.3204345703125},"rotation":{"x":-0.00023403864179272205,"y":-0.9997661709785461,"z":0.016498247161507608,"w":-0.014100407250225544},"size":11.878310203552246,"orthographic":false}